08:00:03,0
08:00:08,0
08:00:13,0
08:00:18,0
08:00:23,0
08:00:28,0
08:00:33,0
08:00:38,0
08:00:43,0
08:00:48,0
08:00:53,0
08:00:58,0
08:01:03,0
08:01:08,0
08:01:13,0
08:01:18,0
08:01:23,0
08:01:28,0
08:01:33,0
08:01:38,0
08:01:43,0
08:01:48,0
08:01:53,0
08:01:58,0
08:02:03,0
08:02:08,0
08:02:13,0
08:02:18,0
08:02:23,0
08:02:28,0
08:02:33,0
08:02:38,0
08:02:43,0
08:02:48,0
08:02:53,0
08:02:58,0
08:03:03,0
08:03:08,0
08:03:13,0
08:03:18,0
08:03:23,0
08:03:28,0
08:03:33,0
08:03:38,0
08:03:43,0
08:03:48,0
08:03:53,0
08:03:58,0
08:04:03,0
08:04:08,0
08:04:13,0
08:04:18,0
08:04:23,0
08:04:28,0
08:04:33,0
08:04:38,0
08:04:43,0
08:04:48,0
08:04:53,0
08:04:58,0
08:05:03,0
08:05:08,0
08:05:13,0
08:05:18,0
08:05:23,0
08:05:28,0
08:05:33,0
08:05:38,0
08:05:43,0
08:05:48,0
08:05:53,0
08:05:58,0
08:06:03,0
08:06:08,0
08:06:13,0
08:06:18,0
08:06:23,0
08:06:28,0
08:06:33,0
08:06:38,0
08:06:43,0
08:06:48,0
08:06:53,0
08:06:58,0
08:07:03,0
08:07:08,0
08:07:13,0
08:07:18,0
08:07:23,0
08:07:28,0
08:07:34,0
08:07:39,0
08:07:44,0
08:07:49,0
08:07:54,0
08:07:59,0
08:08:04,0
08:08:09,0
08:08:14,0
08:08:19,0
08:08:24,0
08:08:29,0
08:08:34,0
08:08:39,0
08:08:44,0
08:08:49,0
08:08:54,0
08:08:59,0
08:09:04,0
08:09:09,0
08:09:14,0
08:09:19,0
08:09:24,0
08:09:29,0
08:09:34,0
08:09:39,0
08:09:44,0
08:09:49,0
08:09:54,0
08:09:59,0
08:10:04,0
08:10:09,0
08:10:14,0
08:10:19,0
08:10:24,0
08:10:29,0
08:10:34,0
08:10:39,0
08:10:44,0
08:10:49,0
08:10:54,0
08:10:59,0
08:11:04,0
08:11:09,0
08:11:14,0
08:11:19,0
08:11:24,0
08:11:29,0
08:11:34,0
08:11:39,0
08:11:44,0
08:11:49,0
08:11:54,0
08:11:59,0
08:12:04,0
08:12:09,0
08:12:14,0
08:12:19,0
08:12:24,0
08:12:29,0
08:12:34,0
08:12:39,0
08:12:44,0
08:12:49,0
08:12:54,0
08:12:59,0
08:13:04,0
08:13:09,0
08:13:14,0
08:13:19,0
08:13:24,0
08:13:29,0
08:13:34,0
08:13:39,0
08:13:44,0
08:13:49,0
08:13:54,0
08:13:59,0
08:14:04,0
08:14:09,0
08:14:14,0
08:14:19,0
08:14:24,0
08:14:29,0
08:14:34,0
08:14:39,0
08:14:44,0
08:14:49,0
08:14:54,0
08:14:59,0
08:15:04,0
08:15:09,0
08:15:14,0
08:15:19,0
08:15:24,0
08:15:29,0
08:15:34,0
08:15:39,0
08:15:44,0
08:15:49,0
08:15:54,0
08:15:59,0
08:16:04,0
08:16:09,0
08:16:14,0
08:16:19,0
08:16:24,0
08:16:29,0
08:16:34,0
08:16:39,0
08:16:44,0
08:16:49,0
08:16:54,0
08:16:59,0
08:17:04,0
08:17:09,0
08:17:14,0
08:17:19,0
08:17:24,0
08:17:29,0
08:17:34,0
08:17:39,0
08:17:44,0
08:17:49,0
08:17:54,0
08:17:59,0
08:18:04,0
08:18:09,0
08:18:15,0
08:18:20,0
08:18:25,0
08:18:30,0
08:18:35,0
08:18:40,0
08:18:45,0
08:18:50,0
08:18:55,0
08:19:00,0
08:19:05,0
08:19:10,0
08:19:15,0
08:19:20,0
08:19:25,0
08:19:30,0
08:19:35,0
08:19:40,0
08:19:45,0
08:19:50,0
08:19:55,0
08:20:00,0
08:20:05,0
08:20:10,0
08:20:15,0
08:20:20,0
08:20:25,0
08:20:30,0
08:20:35,0
08:20:40,0
08:20:45,0
08:20:50,0
08:20:55,0
08:21:00,0
08:21:05,0
08:21:10,0
08:21:15,0
08:21:20,0
08:21:25,0
08:21:30,0
08:21:35,0
08:21:40,0
08:21:45,0
08:21:50,0
08:21:55,0
08:22:00,0
08:22:05,0
08:22:10,0
08:22:15,0
08:22:20,0
08:22:25,0
08:22:30,0
08:22:35,0
08:22:40,0
08:22:45,0
08:22:50,0
08:22:55,0
08:23:00,0
08:23:05,0
08:23:10,0
08:23:15,0
08:23:20,0
08:23:25,0
08:23:30,0
08:23:35,0
08:23:40,0
08:23:45,0
08:23:50,0
08:23:55,0
08:24:00,0
08:24:05,0
08:24:10,0
08:24:15,0
08:24:20,0
08:24:25,0
08:24:30,0
08:24:35,0
08:24:40,0
08:24:45,0
08:24:50,0
08:24:55,0
08:25:00,0
08:25:05,0
08:25:10,0
08:25:15,0
08:25:20,0
08:25:25,0
08:25:30,0
08:25:35,0
08:25:40,0
08:25:45,0
08:25:50,0
08:25:55,0
08:26:00,0
08:26:05,0
08:26:10,0
08:26:15,0
08:26:20,0
08:26:25,0
08:26:30,0
08:26:35,0
08:26:40,0
08:26:45,0
08:26:50,0
08:26:55,0
08:27:00,0
08:27:05,0
08:27:10,0
08:27:15,0
08:27:20,0
08:27:25,0
08:27:30,0
08:27:35,0
08:27:40,0
08:27:45,0
08:27:50,0
08:27:55,0
08:28:00,0
08:28:05,0
08:28:10,0
08:28:15,0
08:28:20,0
08:28:25,0
08:28:30,0
08:28:35,0
08:28:40,0
08:28:45,0
08:28:50,0
08:28:55,0
08:29:00,0
08:29:05,0
08:29:10,0
08:29:15,0
08:29:20,0
08:29:25,0
08:29:30,0
08:29:35,0
08:29:40,0
08:29:45,0
08:29:50,0
08:29:56,0
08:30:01,0
08:30:06,0
08:30:11,0
08:30:16,0
08:30:21,0
08:30:26,0
08:30:31,0
08:30:36,0
08:30:41,0
08:30:46,0
08:30:51,0
08:30:56,0
08:31:01,0
08:31:06,0
08:31:11,0
08:31:16,0
08:31:21,0
08:31:26,0
08:31:31,0
08:31:36,0
08:31:41,0
08:31:46,0
08:31:51,0
08:31:56,0
08:32:01,0
08:32:06,0
08:32:11,0
08:32:16,0
08:32:21,0
08:32:26,0
08:32:31,0
08:32:36,0
08:32:41,0
08:32:46,0
08:32:51,0
08:32:56,0
08:33:01,0
08:33:06,0
08:33:11,0
08:33:16,0
08:33:21,0
08:33:26,0
08:33:31,0
08:33:36,0
08:33:41,0
08:33:46,0
08:33:51,0
08:33:56,0
08:34:01,0
08:34:06,0
08:34:11,0
08:34:16,0
08:34:21,0
08:34:26,0
08:34:31,0
08:34:36,0
08:34:41,0
08:34:46,0
08:34:51,0
08:34:56,0
08:35:01,0
08:35:06,0
08:35:11,0
08:35:16,0
08:35:21,0
08:35:26,0
08:35:31,0
08:35:36,0
08:35:41,0
08:35:46,0
08:35:51,0
08:35:56,0
08:36:01,0
08:36:06,0
08:36:11,0
08:36:16,0
08:36:21,0
08:36:26,0
08:36:31,0
08:36:36,0
08:36:41,0
08:36:46,0
08:36:51,0
08:36:56,0
08:37:01,0
08:37:06,0
08:37:11,0
08:37:16,0
08:37:21,0
08:37:26,0
08:37:31,0
08:37:36,0
08:37:41,0
08:37:46,0
08:37:51,0
08:37:56,0
08:38:01,0
08:38:06,0
08:38:11,0
08:38:16,0
08:38:21,0
08:38:26,0
08:38:31,0
08:38:36,0
08:38:41,0
08:38:46,0
08:38:51,0
08:38:56,0
08:39:01,0
08:39:06,0
08:39:11,0
08:39:16,0
08:39:21,0
08:39:26,0
08:39:31,0
08:39:36,0
08:39:41,0
08:39:46,0
08:39:51,0
08:39:56,0
08:40:01,0
08:40:06,0
08:40:11,0
08:40:16,0
08:40:21,0
08:40:26,0
08:40:31,0
08:40:36,0
08:40:41,0
08:40:46,0
08:40:51,0
08:40:56,0
08:41:01,0
08:41:06,0
08:41:11,0
08:41:16,0
08:41:21,0
08:41:26,0
08:41:31,0
08:41:36,0
08:41:41,0
08:41:46,0
08:41:51,0
08:41:56,0
08:42:01,0
08:42:06,0
08:42:11,0
08:42:16,0
08:42:21,0
08:42:26,0
08:42:31,0
08:42:36,0
08:42:41,0
08:42:47,0
08:42:52,0
08:42:57,0
08:43:02,0
08:43:07,0
08:43:12,0
08:43:17,0
08:43:22,0
08:43:27,0
08:43:32,0
08:43:37,0
08:43:42,0
08:43:47,0
08:43:52,0
08:43:57,0
08:44:02,0
08:44:07,0
08:44:12,0
08:44:17,0
08:44:22,0
08:44:27,0
08:44:32,0
08:44:37,0
08:44:42,0
08:44:47,0
08:44:52,0
08:44:57,0
08:45:02,0
08:45:07,0
08:45:12,0
08:45:17,0
08:45:22,0
08:45:27,0
08:45:32,0
08:45:37,0
08:45:42,0
08:45:47,0
08:45:52,0
08:45:57,0
08:46:02,0
08:46:07,0
08:46:12,0
08:46:17,0
08:46:22,0
08:46:27,0
08:46:32,0
08:46:37,0
08:46:42,0
08:46:47,0
08:46:52,0
08:46:57,0
08:47:02,0
08:47:07,0
08:47:12,0
08:47:17,0
08:47:22,0
08:47:27,0
08:47:32,0
08:47:37,0
08:47:42,0
08:47:47,0
08:47:52,0
08:47:57,0
08:48:02,0
08:48:07,0
08:48:12,0
08:48:17,0
08:48:22,0
08:48:27,0
08:48:32,0
08:48:37,0
08:48:42,0
08:48:47,0
08:48:52,0
08:48:57,0
08:49:02,0
08:49:07,0
08:49:12,0
08:49:17,0
08:49:22,0
08:49:27,0
08:49:32,0
08:49:37,0
08:49:42,0
08:49:47,0
08:49:52,0
08:49:57,0
08:50:02,0
08:50:07,0
08:50:12,0
08:50:17,0
08:50:22,0
08:50:27,0
08:50:32,0
08:50:37,0
08:50:42,0
08:50:47,0
08:50:52,0
08:50:57,0
08:51:02,0
08:51:07,0
08:51:12,0
08:51:17,0
08:51:22,0
08:51:27,0
08:51:32,0
08:51:37,0
08:51:42,0
08:51:47,0
08:51:52,0
08:51:57,0
08:52:02,0
08:52:07,0
08:52:12,0
08:52:17,0
08:52:22,0
08:52:27,0
08:52:32,0
08:52:37,0
08:52:42,0
08:52:47,0
08:52:52,0
08:52:57,0
08:53:02,0
08:53:07,0
08:53:12,0
08:53:17,0
08:53:22,0
08:53:27,0
08:53:32,0
08:53:37,0
08:53:42,0
08:53:47,0
08:53:52,0
08:53:57,0
08:54:02,0
08:54:07,0
08:54:12,0
08:54:17,0
08:54:22,0
08:54:27,0
08:54:32,0
08:54:37,0
08:54:42,0
08:54:47,0
08:54:53,0
08:54:58,0
08:55:03,0
08:55:08,0
08:55:13,0
08:55:18,0
08:55:23,0
08:55:28,0
08:55:33,0
08:55:38,0
08:55:43,0
08:55:48,0
08:55:53,0
08:55:58,0
08:56:03,0
08:56:08,0
08:56:13,0
08:56:18,0
08:56:23,0
08:56:28,0
08:56:33,0
08:56:38,0
08:56:43,0
08:56:48,0
08:56:53,0
08:56:58,0
08:57:03,0
08:57:08,0
08:57:13,0
08:57:18,0
08:57:23,0
08:57:28,0
08:57:33,0
08:57:38,0
08:57:43,0
08:57:48,0
08:57:53,0
08:57:58,0
08:58:03,0
08:58:08,0
08:58:13,0
08:58:18,0
08:58:23,0
08:58:28,0
08:58:33,0
08:58:38,0
08:58:43,0
08:58:48,0
08:58:53,0
08:58:58,0
08:59:03,0
08:59:08,0
08:59:13,0
08:59:18,0
08:59:23,0
08:59:28,0
08:59:33,0
08:59:38,0
08:59:43,0
08:59:48,0
08:59:53,0
08:59:58,0
09:00:03,0
09:00:08,0
09:00:13,0
09:00:18,0
09:00:23,0
09:00:28,0
09:00:33,0
09:00:38,0
09:00:43,0
09:00:48,0
09:00:53,0
09:00:58,0
09:01:03,0
09:01:08,0
09:01:13,0
09:01:18,0
09:01:23,0
09:01:28,0
09:01:33,0
09:01:38,0
09:01:43,0
09:01:48,0
09:01:53,0
09:01:58,0
09:02:03,0
09:02:08,0
09:02:13,0
09:02:18,0
09:02:23,0
09:02:28,0
09:02:33,0
09:02:38,0
09:02:43,0
09:02:48,0
09:02:53,0
09:02:58,0
09:03:03,0
09:03:08,0
09:03:13,0
09:03:18,0
09:03:23,0
09:03:28,0
09:03:33,0
09:03:38,0
09:03:43,0
09:03:48,0
09:03:53,0
09:03:58,0
09:04:03,0
09:04:08,0
09:04:13,0
09:04:18,0
09:04:23,0
09:04:28,0
09:04:33,0
09:04:38,0
09:04:43,0
09:04:48,0
09:04:53,0
09:04:58,0
09:05:03,0
09:05:08,0
09:05:13,0
09:05:18,0
09:05:23,0
09:05:28,0
09:05:33,0
09:05:38,0
09:05:43,0
09:05:48,0
09:05:53,0
09:05:58,0
09:06:03,0
09:06:08,0
09:06:13,0
09:06:18,0
09:06:23,0
09:06:28,0
09:06:34,0
09:06:39,0
09:06:44,0
09:06:49,0
09:06:54,0
09:06:59,0
09:07:04,0
09:07:09,0
09:07:14,0
09:07:19,0
09:07:24,0
09:07:29,0
09:07:34,0
09:07:39,0
09:07:44,0
09:07:49,0
09:07:54,0
09:07:59,0
09:08:04,0
09:08:09,0
09:08:14,0
09:08:19,0
09:08:24,0
09:08:29,0
09:08:34,0
09:08:39,0
09:08:44,0
09:08:49,0
09:08:54,0
09:08:59,0
09:09:04,0
09:09:09,0
09:09:14,0
09:09:19,0
09:09:24,0
09:09:29,0
09:09:34,0
09:09:39,0
09:09:44,0
09:09:49,0
09:09:54,0
09:09:59,0
09:10:04,0
09:10:09,0
09:10:14,0
09:10:19,0
09:10:24,0
09:10:29,0
09:10:34,0
09:10:39,0
09:10:44,0
09:10:49,0
09:10:54,0
09:10:59,0
09:11:04,0
09:11:09,0
09:11:14,0
09:11:19,0
09:11:24,0
09:11:29,0
09:11:34,0
09:11:39,0
09:11:44,0
09:11:49,0
09:11:54,0
09:11:59,0
09:12:04,0
09:12:09,0
09:12:14,0
09:12:19,0
09:12:24,0
09:12:29,0
09:12:34,0
09:12:39,0
09:12:44,0
09:12:49,0
09:12:54,0
09:12:59,0
09:13:04,0
09:13:09,0
09:13:14,0
09:13:19,0
09:13:24,0
09:13:29,0
09:13:34,0
09:13:39,0
09:13:44,0
09:13:49,0
09:13:54,0
09:13:59,0
09:14:04,0
09:14:09,0
09:14:14,0
09:14:19,0
09:14:24,0
09:14:29,0
09:14:34,0
09:14:39,0
09:14:44,0
09:14:49,0
09:14:54,0
09:14:59,0
09:15:04,0
09:15:09,0
09:15:14,0
09:15:19,0
09:15:24,0
09:15:29,0
09:15:34,0
09:15:39,0
09:15:44,0
09:15:49,0
09:15:54,0
09:15:59,0
09:16:04,0
09:16:09,0
09:16:14,0
09:16:19,0
09:16:24,0
09:16:29,0
09:16:34,0
09:16:39,0
09:16:44,0
09:16:49,0
09:16:55,0
09:17:00,0
09:17:05,0
09:17:10,0
09:17:15,0
09:17:20,0
09:17:25,0
09:17:30,0
09:17:35,0
09:17:41,0
09:17:46,0
09:17:51,0
09:17:56,0
09:18:01,0
09:18:06,0
09:18:11,0
09:18:16,0
09:18:21,0
09:18:26,0
09:18:31,0
09:18:36,0
09:18:41,0
09:18:46,0
09:18:51,0
09:18:56,0
09:19:01,0
09:19:06,0
09:19:11,0
09:19:16,0
09:19:21,0
09:19:26,0
09:19:31,0
09:19:36,0
09:19:41,0
09:19:46,0
09:19:51,0
09:19:57,0
09:20:02,0
09:20:07,0
09:20:12,0
09:20:17,0
09:20:22,0
09:20:27,0
09:20:32,0
09:20:37,0
09:20:42,0
09:20:47,0
09:20:52,0
09:20:57,0
09:21:02,0
09:21:07,0
09:21:12,0
09:21:17,0
09:21:22,0
09:21:27,0
09:21:32,0
09:21:37,0
09:21:42,0
09:21:47,0
09:21:52,0
09:21:57,0
09:22:02,0
09:22:07,0
09:22:12,0
09:22:17,0
09:22:22,0
09:22:27,0
09:22:32,0
09:22:37,0
09:22:42,0
09:22:47,0
09:22:52,0
09:22:57,0
09:23:02,0
09:23:07,0
09:23:12,0
09:23:17,0
09:23:22,0
09:23:27,0
09:23:32,0
09:23:37,0
09:23:42,0
09:23:47,0
09:23:52,0
09:23:57,0
09:24:02,0
09:24:07,0
09:24:12,0
09:24:17,0
09:24:22,0
09:24:27,0
09:24:32,0
09:24:37,0
09:24:42,0
09:24:47,0
09:24:52,0
09:24:57,0
09:25:02,0
09:25:07,0
09:25:12,0
09:25:17,0
09:25:22,0
09:25:27,0
09:25:32,0
09:25:37,0
09:25:42,0
09:25:47,0
09:25:52,0
09:25:57,0
09:26:02,0
09:26:07,0
09:26:12,0
09:26:17,0
09:26:22,0
09:26:27,0
09:26:32,0
09:26:37,0
09:26:42,0
09:26:47,0
09:26:52,0
09:26:57,0
09:27:02,0
09:27:07,0
09:27:12,0
09:27:17,0
09:27:22,0
09:27:27,0
09:27:32,0
09:27:37,0
09:27:42,0
09:27:47,0
09:27:52,0
09:27:57,0
09:28:02,0
09:28:07,0
09:28:12,0
09:28:17,0
09:28:22,0
09:28:27,0
09:28:32,0
09:28:37,0
09:28:42,0
09:28:47,0
09:28:52,0
09:28:57,0
09:29:02,0
09:29:07,0
09:29:12,0
09:29:17,0
09:29:22,0
09:29:27,0
09:29:32,0
09:29:37,0
09:29:42,0
09:29:47,0
09:29:52,0
09:29:57,0
09:30:02,0
09:30:07,0
09:30:12,0
09:30:17,0
09:30:22,0
09:30:27,0
09:30:32,0
09:30:37,0
09:30:42,0
09:30:47,0
09:30:52,0
09:30:57,0
09:31:02,0
09:31:07,0
09:31:12,0
09:31:17,0
09:31:22,0
09:31:27,0
09:31:32,0
09:31:37,0
09:31:42,0
09:31:47,0
09:31:52,0
09:31:57,0
09:32:03,0
09:32:08,0
09:32:13,0
09:32:18,0
09:32:23,0
09:32:28,0
09:32:33,0
09:32:38,0
09:32:43,0
09:32:48,0
09:32:53,0
09:32:58,0
09:33:03,0
09:33:08,0
09:33:13,0
09:33:18,0
09:33:23,0
09:33:28,0
09:33:33,0
09:33:38,0
09:33:43,0
09:33:48,0
09:33:53,0
09:33:58,0
09:34:03,0
09:34:08,0
09:34:13,0
09:34:18,0
09:34:23,0
09:34:28,0
09:34:33,0
09:34:38,0
09:34:43,0
09:34:48,0
09:34:53,0
09:34:58,0
09:35:03,0
09:35:08,0
09:35:13,0
09:35:18,0
09:35:23,0
09:35:28,0
09:35:33,0
09:35:38,0
09:35:43,0
09:35:48,0
09:35:53,0
09:35:58,0
09:36:03,0
09:36:08,0
09:36:13,0
09:36:18,0
09:36:23,0
09:36:28,0
09:36:33,0
09:36:38,0
09:36:43,0
09:36:48,0
09:36:53,0
09:36:58,0
09:37:03,0
09:37:08,0
09:37:13,0
09:37:18,0
09:37:23,0
09:37:28,0
09:37:33,0
09:37:38,0
09:37:43,0
09:37:48,0
09:37:53,0
09:37:58,0
09:38:03,0
09:38:08,0
09:38:13,0
09:38:18,0
09:38:23,0
09:38:28,0
09:38:33,0
09:38:38,0
09:38:43,0
09:38:48,0
09:38:53,0
09:38:58,0
09:39:03,0
09:39:08,0
09:39:13,0
09:39:18,0
09:39:23,0
09:39:28,0
09:39:33,0
09:39:38,0
09:39:43,0
09:39:48,0
09:39:53,0
09:39:58,0
09:40:03,0
09:40:08,0
09:40:13,0
09:40:18,0
09:40:23,0
09:40:28,0
09:40:33,0
09:40:38,0
09:40:43,0
09:40:48,0
09:40:53,0
09:40:58,0
09:41:03,0
09:41:08,0
09:41:13,0
09:41:18,0
09:41:23,0
09:41:28,0
09:41:33,0
09:41:38,0
09:41:43,0
09:41:48,0
09:41:53,0
09:41:58,0
09:42:03,0
09:42:08,0
09:42:13,0
09:42:18,0
09:42:23,0
09:42:28,0
09:42:33,0
09:42:38,0
09:42:43,0
09:42:48,0
09:42:53,0
09:42:58,0
09:43:03,0
09:43:08,0
09:43:13,0
09:43:18,0
09:43:23,0
09:43:28,0
09:43:33,0
09:43:38,0
09:43:43,0
09:43:48,0
09:43:53,0
09:43:58,0
09:44:03,0
09:44:08,0
09:44:13,0
09:44:18,0
09:44:23,0
09:44:29,0
09:44:34,0
09:44:39,0
09:44:44,0
09:44:49,0
09:44:54,0
09:44:59,0
09:45:04,0
09:45:09,0
09:45:14,0
09:45:19,0
09:45:24,0
09:45:29,0
09:45:34,0
09:45:39,0
09:45:44,0
09:45:49,0
09:45:54,0
09:45:59,0
09:46:04,0
09:46:09,0
09:46:14,0
09:46:19,0
09:46:24,0
09:46:29,0
09:46:34,0
09:46:39,0
09:46:44,0
09:46:49,0
09:46:54,0
09:46:59,0
09:47:04,0
09:47:09,0
09:47:14,0
09:47:19,0
09:47:24,0
09:47:29,0
09:47:34,0
09:47:39,0
09:47:44,0
09:47:49,0
09:47:54,0
09:47:59,0
09:48:04,0
09:48:09,0
09:48:14,0
09:48:19,0
09:48:24,0
09:48:29,0
09:48:34,0
09:48:39,0
09:48:44,0
09:48:49,0
09:48:54,0
09:48:59,0
09:49:04,0
09:49:09,0
09:49:14,0
09:49:19,0
09:49:24,0
09:49:29,0
09:49:34,0
09:49:39,0
09:49:44,0
09:49:49,0
09:49:54,0
09:49:59,0
09:50:04,0
09:50:09,0
09:50:14,0
09:50:19,0
09:50:24,0
09:50:29,0
09:50:34,0
09:50:39,0
09:50:44,0
09:50:49,0
09:50:54,0
09:50:59,0
09:51:04,0
09:51:09,0
09:51:14,0
09:51:19,0
09:51:24,0
09:51:29,0
09:51:34,0
09:51:39,0
09:51:44,0
09:51:49,0
09:51:54,0
09:51:59,0
09:52:04,0
09:52:09,0
09:52:14,0
09:52:19,0
09:52:24,0
09:52:29,0
09:52:34,0
09:52:39,0
09:52:44,0
09:52:49,0
09:52:54,0
09:52:59,0
09:53:04,0
09:53:09,0
09:53:14,0
09:53:19,0
09:53:24,0
09:53:29,0
09:53:34,0
09:53:39,0
09:53:44,0
09:53:49,0
09:53:54,0
09:53:59,0
09:54:04,0
09:54:09,0
09:54:14,0
09:54:19,0
09:54:24,0
09:54:29,0
09:54:34,0
09:54:39,0
09:54:44,0
09:54:49,0
09:54:54,0
09:54:59,0
09:55:04,0
09:55:09,0
09:55:14,0
09:55:19,0
09:55:24,0
09:55:29,0
09:55:34,0
09:55:39,0
09:55:44,0
09:55:49,0
09:55:54,0
09:55:59,0
09:56:04,0
09:56:09,0
09:56:14,0
09:56:19,0
09:56:24,0
09:56:29,0
09:56:35,0
09:56:40,0
09:56:45,0
09:56:50,0
09:56:55,0
09:57:00,0
09:57:05,0
09:57:10,0
09:57:15,0
09:57:20,0
09:57:25,0
09:57:30,0
09:57:35,0
09:57:40,0
09:57:45,0
09:57:50,0
09:57:55,0
09:58:00,0
09:58:05,0
09:58:10,0
09:58:15,0
09:58:20,0
09:58:25,0
09:58:30,0
09:58:35,0
09:58:40,0
09:58:45,0
09:58:50,0
09:58:55,0
09:59:00,0
09:59:05,0
09:59:10,0
09:59:15,0
09:59:20,0
09:59:25,0
09:59:30,0
09:59:35,0
09:59:40,0
09:59:45,0
09:59:50,0
09:59:55,0
10:00:00,0
10:00:05,0
10:00:10,0
10:00:15,0
10:00:20,0
10:00:25,0
10:00:30,0
10:00:35,0
10:00:40,0
10:00:45,0
10:00:50,0
10:00:55,0
10:01:00,0
10:01:05,0
10:01:10,0
10:01:15,0
10:01:20,0
10:01:25,0
10:01:30,0
10:01:35,0
10:01:40,0
10:01:45,0
10:01:50,0
10:01:55,0
10:02:00,0
10:02:05,0
10:02:10,0
10:02:15,0
10:02:20,0
10:02:25,0
10:02:30,0
10:02:35,0
10:02:40,0
10:02:45,0
10:02:50,0
10:02:55,0
10:03:00,0
10:03:05,0
10:03:10,0
10:03:15,0
10:03:20,0
10:03:25,0
10:03:30,0
10:03:35,0
10:03:40,0
10:03:45,0
10:03:50,0
10:03:55,0
10:04:00,0
10:04:05,0
10:04:10,0
10:04:15,0
10:04:20,0
10:04:25,0
10:04:30,0
10:04:35,0
10:04:40,0
10:04:45,0
10:04:50,0
10:04:55,0
10:05:00,0
10:05:05,0
10:05:10,0
10:05:15,0
10:05:20,0
10:05:25,0
10:05:30,0
10:05:35,0
10:05:40,0
10:05:45,0
10:05:50,0
10:05:55,0
10:06:00,0
10:06:05,0
10:06:10,0
10:06:15,0
10:06:20,0
10:06:25,0
10:06:30,0
10:06:35,0
10:06:40,0
10:06:45,0
10:06:50,0
10:06:55,0
10:07:00,0
10:07:05,0
10:07:10,0
10:07:15,0
10:07:20,0
10:07:25,0
10:07:30,0
10:07:35,0
10:07:40,0
10:07:45,0
10:07:50,0
10:07:55,0
10:08:00,0
10:08:05,0
10:08:10,0
10:08:15,0
10:08:20,0
10:08:25,0
10:08:30,0
10:08:35,0
10:08:40,0
10:08:45,0
10:08:50,0
10:08:55,0
10:09:01,0
10:09:06,0
10:09:11,0
10:09:16,0
10:09:21,0
10:09:26,0
10:09:31,0
10:09:36,0
10:09:41,0
10:09:46,0
10:09:51,0
10:09:56,0
10:10:01,0
10:10:06,0
10:10:11,0
10:10:16,0
10:10:21,0
10:10:26,0
10:10:31,0
10:10:36,0
10:10:41,0
10:10:46,0
10:10:51,0
10:10:56,0
10:11:01,0
10:11:06,0
10:11:11,0
10:11:16,0
10:11:21,0
10:11:26,0
10:11:31,0
10:11:36,0
10:11:41,0
10:11:46,0
10:11:51,0
10:11:56,0
10:12:01,0
10:12:06,0
10:12:11,0
10:12:16,0
10:12:21,0
10:12:26,0
10:12:31,0
10:12:36,0
10:12:41,0
10:12:46,0
10:12:51,0
10:12:56,0
10:13:01,0
10:13:06,0
10:13:11,0
10:13:16,0
10:13:21,0
10:13:26,0
10:13:31,0
10:13:36,0
10:13:41,0
10:13:46,0
10:13:51,0
10:13:56,0
10:14:01,0
10:14:06,0
10:14:11,0
10:14:16,0
10:14:21,0
10:14:26,0
10:14:31,0
10:14:36,0
10:14:41,0
10:14:46,0
10:14:51,0
10:14:56,0
10:15:01,0
10:15:06,0
10:15:11,0
10:15:16,0
10:15:21,0
10:15:26,0
10:15:31,0
10:15:36,0
10:15:41,0
10:15:46,0
10:15:51,0
10:15:56,0
10:16:01,0
10:16:06,0
10:16:11,0
10:16:16,0
10:16:21,0
10:16:26,0
10:16:31,0
10:16:36,0
10:16:41,0
10:16:46,0
10:16:51,0
10:16:56,0
10:17:01,0
10:17:06,0
10:17:11,0
10:17:16,0
10:17:21,0
10:17:26,0
10:17:31,0
10:17:36,0
10:17:41,0
10:17:46,0
10:17:51,0
10:17:56,0
10:18:01,0
10:18:06,0
10:18:11,0
10:18:16,0
10:18:21,0
10:18:26,0
10:18:31,0
10:18:36,0
10:18:41,0
10:18:46,0
10:18:51,0
10:18:56,0
10:19:01,0
10:19:06,0
10:19:11,0
10:19:16,0
10:19:21,0
10:19:26,0
10:19:31,0
10:19:36,0
10:19:41,0
10:19:46,0
10:19:51,0
10:19:56,0
10:20:01,0
10:20:06,0
10:20:11,0
10:20:16,0
10:20:21,0
10:20:26,0
10:20:31,0
10:20:36,0
10:20:41,0
10:20:46,0
10:20:51,0
10:20:56,0
10:21:01,0
10:21:06,0
10:21:11,0
10:21:16,0
10:21:21,0
10:21:26,0
10:21:31,0
10:21:36,0
10:21:41,0
10:21:47,0
10:21:52,0
10:21:57,0
10:22:02,0
10:22:07,0
10:22:12,0
10:22:17,0
10:22:22,0
10:22:27,0
10:22:32,0
10:22:37,0
10:22:42,0
10:22:47,0
10:22:52,0
10:22:57,0
10:23:02,0
10:23:07,0
10:23:12,0
10:23:17,0
10:23:22,0
10:23:27,0
10:23:32,0
10:23:37,0
10:23:42,0
10:23:47,0
10:23:52,0
10:23:57,0
10:24:02,0
10:24:07,0
10:24:12,0
10:24:17,0
10:24:22,0
10:24:27,0
10:24:32,0
10:24:37,0
10:24:42,0
10:24:47,0
10:24:52,0
10:24:57,0
10:25:02,0
10:25:07,0
10:25:12,0
10:25:17,0
10:25:22,0
10:25:27,0
10:25:32,0
10:25:37,0
10:25:42,0
10:25:47,0
10:25:52,0
10:25:57,0
10:26:02,0
10:26:07,0
10:26:12,0
10:26:17,0
10:26:22,0
10:26:27,0
10:26:32,0
10:26:37,0
10:26:42,0
10:26:47,0
10:26:52,0
10:26:57,0
10:27:02,0
10:27:07,0
10:27:12,0
10:27:17,0
10:27:22,0
10:27:27,0
10:27:32,0
10:27:37,0
10:27:42,0
10:27:47,0
10:27:52,0
10:27:57,0
10:28:02,0
10:28:07,0
10:28:12,0
10:28:17,0
10:28:22,0
10:28:27,0
10:28:32,0
10:28:37,0
10:28:42,0
10:28:47,0
10:28:52,0
10:28:57,0
10:29:02,0
10:29:07,0
10:29:12,0
10:29:17,0
10:29:22,0
10:29:27,0
10:29:32,0
10:29:37,0
10:29:42,0
10:29:47,0
10:29:52,0
10:29:57,0
10:30:02,0
10:30:07,0
10:30:12,0
10:30:17,0
10:30:22,0
10:30:27,0
10:30:32,0
10:30:37,0
10:30:42,0
10:30:47,0
10:30:52,0
10:30:57,0
10:31:02,0
10:31:07,0
10:31:12,0
10:31:17,0
10:31:22,0
10:31:27,0
10:31:32,0
10:31:37,0
10:31:42,0
10:31:47,0
10:31:52,0
10:31:57,0
10:32:02,0
10:32:07,0
10:32:12,0
10:32:17,0
10:32:22,0
10:32:27,0
10:32:32,0
10:32:37,0
10:32:42,0
10:32:47,0
10:32:52,0
10:32:57,0
10:33:02,0
10:33:07,0
10:33:12,0
10:33:17,0
10:33:22,0
10:33:27,0
10:33:32,0
10:33:37,0
10:33:42,0
10:33:47,0
10:33:52,0
10:33:57,0
10:34:03,0
10:34:08,0
10:34:13,0
10:34:18,0
10:34:23,0
10:34:28,0
10:34:33,0
10:34:38,0
10:34:43,0
10:34:48,0
10:34:53,0
10:34:58,0
10:35:03,0
10:35:08,0
10:35:13,0
10:35:18,0
10:35:23,0
10:35:28,0
10:35:33,0
10:35:38,0
10:35:43,0
10:35:48,0
10:35:53,0
10:35:58,0
10:36:03,0
10:36:08,0
10:36:13,0
10:36:18,0
10:36:23,0
10:36:28,0
10:36:33,0
10:36:38,0
10:36:43,0
10:36:48,0
10:36:53,0
10:36:58,0
10:37:03,0
10:37:08,0
10:37:13,0
10:37:18,0
10:37:23,0
10:37:28,0
10:37:33,0
10:37:38,0
10:37:43,0
10:37:48,0
10:37:53,0
10:37:58,0
10:38:03,0
10:38:08,0
10:38:13,0
10:38:18,0
10:38:23,0
10:38:28,0
10:38:33,0
10:38:38,0
10:38:43,0
10:38:48,0
10:38:53,0
10:38:58,0
10:39:03,0
10:39:08,0
10:39:13,0
10:39:18,0
10:39:23,0
10:39:28,0
10:39:33,0
10:39:38,0
10:39:43,0
10:39:48,0
10:39:53,0
10:39:58,0
10:40:03,0
10:40:08,0
10:40:13,0
10:40:18,0
10:40:23,0
10:40:28,0
10:40:33,0
10:40:38,0
10:40:43,0
10:40:48,0
10:40:53,0
10:40:58,0
10:41:03,0
10:41:08,0
10:41:13,0
10:41:18,0
10:41:23,0
10:41:28,0
10:41:34,0
10:41:39,0
10:41:44,0
10:41:49,0
10:41:54,0
10:41:59,0
10:42:04,0
10:42:09,0
10:42:14,0
10:42:19,0
10:42:24,0
10:42:29,0
10:42:34,0
10:42:39,0
10:42:44,0
10:42:49,0
10:42:54,0
10:42:59,0
10:43:04,0
10:43:09,0
10:43:14,0
10:43:19,0
10:43:24,0
10:43:29,0
10:43:34,0
10:43:39,0
10:43:44,0
10:43:49,0
10:43:54,0
10:43:59,0
10:44:04,0
10:44:09,0
10:44:14,0
10:44:19,0
10:44:24,0
10:44:29,0
10:44:34,0
10:44:39,0
10:44:44,0
10:44:49,0
10:44:54,0
10:44:59,0
10:45:04,0
10:45:09,0
10:45:14,0
10:45:19,0
10:45:24,0
10:45:29,0
10:45:34,0
10:45:39,0
10:45:44,0
10:45:49,0
10:45:54,0
10:45:59,0
10:46:04,0
10:46:09,0
10:46:14,0
10:46:19,0
10:46:24,0
10:46:29,0
10:46:34,0
10:46:39,0
10:46:44,0
10:46:49,0
10:46:54,0
10:46:59,0
10:47:04,0
10:47:09,0
10:47:14,0
10:47:19,0
10:47:24,0
10:47:29,0
10:47:34,0
10:47:39,0
10:47:44,0
10:47:49,0
10:47:54,0
10:47:59,0
10:48:04,0
10:48:09,0
10:48:14,0
10:48:19,0
10:48:24,0
10:48:29,0
10:48:34,0
10:48:39,0
10:48:44,0
10:48:49,0
10:48:54,0
10:48:59,0
10:49:04,0
10:49:09,0
10:49:14,0
10:49:19,0
10:49:24,0
10:49:29,0
10:49:34,0
10:49:39,0
10:49:44,0
10:49:49,0
10:49:54,0
10:49:59,0
10:50:04,0
10:50:09,0
10:50:14,0
10:50:19,0
10:50:24,0
10:50:29,0
10:50:34,0
10:50:39,0
10:50:44,0
10:50:49,0
10:50:54,0
10:50:59,0
10:51:04,0
10:51:09,0
10:51:14,0
10:51:19,0
10:51:24,0
10:51:29,0
10:51:34,0
10:51:39,0
10:51:44,0
10:51:49,0
10:51:54,0
10:51:59,0
10:52:04,0
10:52:09,0
10:52:14,0
10:52:19,0
10:52:24,0
10:52:29,0
10:52:34,0
10:52:39,0
10:52:44,0
10:52:49,0
10:52:54,0
10:52:59,0
10:53:04,0
10:53:09,0
10:53:14,0
10:53:19,0
10:53:24,0
10:53:29,0
10:53:34,0
10:53:39,0
10:53:44,0
10:53:50,0
10:53:55,0
10:54:00,0
10:54:05,0
10:54:10,0
10:54:15,0
10:54:20,0
10:54:25,0
10:54:30,0
10:54:35,0
10:54:40,0
10:54:45,0
10:54:50,0
10:54:55,0
10:55:00,0
10:55:05,0
10:55:10,0
10:55:15,0
10:55:20,0
10:55:25,0
10:55:30,0
10:55:35,0
10:55:40,0
10:55:45,0
10:55:50,0
10:55:55,0
10:56:00,0
10:56:05,0
10:56:10,0
10:56:15,0
10:56:20,0
10:56:25,0
10:56:30,0
10:56:35,0
10:56:40,0
10:56:45,0
10:56:50,0
10:56:55,0
10:57:00,0
10:57:05,0
10:57:10,0
10:57:15,0
10:57:20,0
10:57:25,0
10:57:30,0
10:57:35,0
10:57:40,0
10:57:45,0
10:57:50,0
10:57:55,0
10:58:00,0
10:58:05,0
10:58:10,0
10:58:15,0
10:58:20,0
10:58:25,0
10:58:30,0
10:58:35,0
10:58:40,0
10:58:45,0
10:58:50,0
10:58:55,0
10:59:00,0
10:59:05,0
10:59:10,0
10:59:15,0
10:59:20,0
10:59:25,0
10:59:30,0
10:59:35,0
10:59:40,0
10:59:45,0
10:59:50,0
10:59:55,0
11:00:00,0
11:00:05,0
11:00:10,0
11:00:15,0
11:00:20,0
11:00:25,0
11:00:30,0
11:00:35,0
11:00:40,0
11:00:45,0
11:00:50,0
11:00:55,0
11:01:00,0
11:01:05,0
11:01:10,0
11:01:15,0
11:01:20,0
11:01:25,0
11:01:30,0
11:01:35,0
11:01:40,0
11:01:45,0
11:01:50,0
11:01:55,0
11:02:00,0
11:02:05,0
11:02:10,0
11:02:15,0
11:02:20,0
11:02:25,0
11:02:30,0
11:02:35,0
11:02:40,0
11:02:45,0
11:02:50,0
11:02:55,0
11:03:00,0
11:03:05,0
11:03:10,0
11:03:15,0
11:03:20,0
11:03:25,0
11:03:30,0
11:03:35,0
11:03:40,0
11:03:45,0
11:03:50,0
11:03:55,0
11:04:00,0
11:04:05,0
11:04:10,0
11:04:15,0
11:04:20,0
11:04:25,0
11:04:30,0
11:04:35,0
11:04:40,0
11:04:45,0
11:04:50,0
11:04:55,0
11:05:00,0
11:05:05,0
11:05:10,0
11:05:15,0
11:05:20,0
11:05:25,0
11:05:30,0
11:05:35,0
11:05:40,0
11:05:45,0
11:05:50,0
11:05:55,0
11:06:00,0
11:06:06,0
11:06:11,0
11:06:16,0
11:06:21,0
11:06:26,0
11:06:31,0
11:06:36,0
11:06:41,0
11:06:46,0
11:06:51,0
11:06:56,0
11:07:01,0
11:07:06,0
11:07:11,0
11:07:16,0
11:07:21,0
11:07:26,0
11:07:31,0
11:07:36,0
11:07:41,0
11:07:46,0
11:07:51,0
11:07:56,0
11:08:01,0
11:08:06,0
11:08:11,0
11:08:16,0
11:08:21,0
11:08:26,0
11:08:31,0
11:08:36,0
11:08:41,0
11:08:46,0
11:08:51,0
11:08:56,0
11:09:01,0
11:09:06,0
11:09:11,0
11:09:16,0
11:09:21,0
11:09:26,0
11:09:31,0
11:09:36,0
11:09:41,0
11:09:46,0
11:09:51,0
11:09:56,0
11:10:01,0
11:10:06,0
11:10:11,0
11:10:16,0
11:10:21,0
11:10:26,0
11:10:31,0
11:10:36,0
11:10:41,0
11:10:46,0
11:10:51,0
11:10:56,0
11:11:01,0
11:11:06,0
11:11:11,0
11:11:16,0
11:11:21,0
11:11:26,0
11:11:31,0
11:11:36,0
11:11:41,0
11:11:46,0
11:11:51,0
11:11:56,0
11:12:01,0
11:12:06,0
11:12:11,0
11:12:16,0
11:12:21,0
11:12:26,0
11:12:31,0
11:12:36,0
11:12:41,0
11:12:46,0
11:12:51,0
11:12:56,0
11:13:01,0
11:13:06,0
11:13:11,0
11:13:16,0
11:13:21,0
11:13:26,0
11:13:31,0
11:13:36,0
11:13:41,0
11:13:46,0
11:13:51,0
11:13:56,0
11:14:01,0
11:14:06,0
11:14:11,0
11:14:16,0
11:14:21,0
11:14:26,0
11:14:31,0
11:14:36,0
11:14:41,0
11:14:46,0
11:14:51,0
11:14:56,0
11:15:01,0
11:15:06,0
11:15:11,0
11:15:16,0
11:15:21,0
11:15:26,0
11:15:31,0
11:15:36,0
11:15:41,0
11:15:46,0
11:15:51,0
11:15:56,0
11:16:01,0
11:16:06,0
11:16:11,0
11:16:16,0
11:16:21,0
11:16:27,0
11:16:32,0
11:16:37,0
11:16:42,0
11:16:47,0
11:16:52,0
11:16:57,0
11:17:02,0
11:17:07,0
11:17:12,0
11:17:17,0
11:17:22,0
11:17:27,0
11:17:33,0
11:17:38,0
11:17:43,0
11:17:48,0
11:17:53,0
11:17:58,0
11:18:03,0
11:18:08,0
11:18:13,0
11:18:18,0
11:18:23,0
11:18:28,0
11:18:33,0
11:18:38,0
11:18:43,0
11:18:48,0
11:18:53,0
11:18:58,0
11:19:03,0
11:19:08,0
11:19:13,0
11:19:18,0
11:19:23,0
11:19:28,0
11:19:33,0
11:19:38,0
11:19:43,0
11:19:48,0
11:19:53,0
11:19:58,0
11:20:03,0
11:20:08,0
11:20:13,0
11:20:18,0
11:20:23,0
11:20:28,0
11:20:33,0
11:20:38,0
11:20:43,0
11:20:48,0
11:20:53,0
11:20:58,0
11:21:03,0
11:21:08,0
11:21:13,0
11:21:18,0
11:21:23,0
11:21:28,0
11:21:33,0
11:21:38,0
11:21:43,0
11:21:48,0
11:21:53,0
11:21:58,0
11:22:03,0
11:22:08,0
11:22:13,0
11:22:18,0
11:22:23,0
11:22:28,0
11:22:33,0
11:22:38,0
11:22:43,0
11:22:48,0
11:22:53,0
11:22:58,0
11:23:03,0
11:23:08,0
11:23:13,0
11:23:18,0
11:23:23,0
11:23:28,0
11:23:33,0
11:23:38,0
11:23:43,0
11:23:48,0
11:23:53,0
11:23:58,0
11:24:03,0
11:24:08,0
11:24:13,0
11:24:18,0
11:24:23,0
11:24:28,0
11:24:33,0
11:24:38,0
11:24:43,0
11:24:48,0
11:24:53,0
11:24:58,0
11:25:03,0
11:25:08,0
11:25:13,0
11:25:18,0
11:25:23,0
11:25:28,0
11:25:33,0
11:25:38,0
11:25:43,0
11:25:48,0
11:25:53,0
11:25:58,0
11:26:03,0
11:26:08,0
11:26:13,0
11:26:18,0
11:26:23,0
11:26:28,0
11:26:33,0
11:26:38,0
11:26:43,0
11:26:48,0
11:26:53,0
11:26:58,0
11:27:03,0
11:27:08,0
11:27:13,0
11:27:18,0
11:27:23,0
11:27:28,0
11:27:33,0
11:27:38,0
11:27:43,0
11:27:48,0
11:27:53,0
11:27:58,0
11:28:03,0
11:28:08,0
11:28:13,0
11:28:18,0
11:28:23,0
11:28:28,0
11:28:33,0
11:28:38,0
11:28:43,0
11:28:48,0
11:28:53,0
11:28:58,0
11:29:03,0
11:29:08,0
11:29:13,0
11:29:18,0
11:29:24,0
11:29:29,0
11:29:34,0
11:29:39,0
11:29:44,0
11:29:49,0
11:29:54,0
11:29:59,0
11:30:04,0
11:30:09,0
11:30:14,0
11:30:19,0
11:30:24,0
11:30:29,0
11:30:34,0
11:30:39,0
11:30:44,0
11:30:49,0
11:30:54,0
11:30:59,0
11:31:04,0
11:31:09,0
11:31:14,0
11:31:19,0
11:31:24,0
11:31:29,0
11:31:34,0
11:31:39,0
11:31:44,0
11:31:49,0
11:31:54,0
11:31:59,0
11:32:04,0
11:32:09,0
11:32:14,0
11:32:19,0
11:32:24,0
11:32:29,0
11:32:34,0
11:32:39,0
11:32:44,0
11:32:49,0
11:32:54,0
11:32:59,0
11:33:04,0
11:33:09,0
11:33:14,0
11:33:19,0
11:33:24,0
11:33:29,0
11:33:34,0
11:33:39,0
11:33:44,0
11:33:49,0
11:33:54,0
11:33:59,0
11:34:04,0
11:34:09,0
11:34:14,0
11:34:19,0
11:34:24,0
11:34:29,0
11:34:34,0
11:34:39,0
11:34:44,0
11:34:49,0
11:34:54,0
11:34:59,0
11:35:04,0
11:35:09,0
11:35:14,0
11:35:19,0
11:35:24,0
11:35:29,0
11:35:34,0
11:35:39,0
11:35:44,0
11:35:49,0
11:35:54,0
11:35:59,0
11:36:04,0
11:36:09,0
11:36:14,0
11:36:19,0
11:36:24,0
11:36:29,0
11:36:34,0
11:36:39,0
11:36:44,0
11:36:49,0
11:36:54,0
11:36:59,0
11:37:04,0
11:37:09,0
11:37:14,0
11:37:19,0
11:37:24,0
11:37:29,0
11:37:34,0
11:37:39,0
11:37:44,0
11:37:49,0
11:37:54,0
11:37:59,0
11:38:04,0
11:38:09,0
11:38:14,0
11:38:19,0
11:38:24,0
11:38:29,0
11:38:34,0
11:38:39,0
11:38:44,0
11:38:49,0
11:38:54,0
11:38:59,0
11:39:04,0
11:39:09,0
11:39:14,0
11:39:19,0
11:39:24,0
11:39:29,0
11:39:34,0
11:39:39,0
11:39:44,0
11:39:49,0
11:39:54,0
11:39:59,0
11:40:04,0
11:40:09,0
11:40:14,0
11:40:19,0
11:40:24,0
11:40:29,0
11:40:34,0
11:40:39,0
11:40:44,0
11:40:49,0
11:40:54,0
11:40:59,0
11:41:04,0
11:41:09,0
11:41:14,0
11:41:19,0
11:41:24,0
11:41:29,0
11:41:34,0
11:41:39,0
11:41:44,0
11:41:49,0
11:41:54,0
11:41:59,0
11:42:05,0
11:42:10,0
11:42:15,0
11:42:20,0
11:42:25,0
11:42:30,0
11:42:35,0
11:42:40,0
11:42:45,0
11:42:50,0
11:42:55,0
11:43:00,0
11:43:05,0
11:43:10,0
11:43:15,0
11:43:20,0
11:43:25,0
11:43:30,0
11:43:35,0
11:43:40,0
11:43:45,0
11:43:50,0
11:43:55,0
11:44:00,0
11:44:05,0
11:44:10,0
11:44:15,0
11:44:20,0
11:44:25,0
11:44:30,0
11:44:35,0
11:44:40,0
11:44:45,0
11:44:50,0
11:44:55,0
11:45:00,0
11:45:05,0
11:45:10,0
11:45:15,0
11:45:20,0
11:45:25,0
11:45:30,0
11:45:35,0
11:45:40,0
11:45:45,0
11:45:50,0
11:45:55,0
11:46:00,0
11:46:05,0
11:46:10,0
11:46:15,0
11:46:20,0
11:46:25,0
11:46:30,0
11:46:35,0
11:46:40,0
11:46:45,0
11:46:50,0
11:46:55,0
11:47:00,0
11:47:05,0
11:47:10,0
11:47:15,0
11:47:20,0
11:47:25,0
11:47:30,0
11:47:35,0
11:47:40,0
11:47:45,0
11:47:50,0
11:47:55,0
11:48:00,0
11:48:05,0
11:48:10,0
11:48:15,0
11:48:20,0
11:48:25,0
11:48:30,0
11:48:35,0
11:48:40,0
11:48:45,0
11:48:50,0
11:48:55,0
11:49:00,0
11:49:05,0
11:49:10,0
11:49:15,0
11:49:20,0
11:49:25,0
11:49:30,0
11:49:35,0
11:49:40,0
11:49:45,0
11:49:50,0
11:49:55,0
11:50:00,0
11:50:05,0
11:50:10,0
11:50:15,0
11:50:20,0
11:50:25,0
11:50:30,0
11:50:35,0
11:50:40,0
11:50:45,0
11:50:50,0
11:50:55,0
11:51:00,0
11:51:05,0
11:51:10,0
11:51:15,0
11:51:20,0
11:51:25,0
11:51:30,0
11:51:35,0
11:51:40,0
11:51:45,0
11:51:50,0
11:51:55,0
11:52:00,0
11:52:05,0
11:52:10,0
11:52:15,0
11:52:20,0
11:52:25,0
11:52:30,0
11:52:35,0
11:52:40,0
11:52:45,0
11:52:50,0
11:52:55,0
11:53:00,0
11:53:05,0
11:53:10,0
11:53:15,0
11:53:20,0
11:53:25,0
11:53:30,0
11:53:35,0
11:53:40,0
11:53:45,0
11:53:50,0
11:53:55,0
11:54:00,0
11:54:05,0
11:54:10,0
11:54:15,0
11:54:20,0
11:54:25,0
11:54:30,0
11:54:35,0
11:54:41,0
11:54:46,0
11:54:51,0
11:54:56,0
11:55:01,0
11:55:06,0
11:55:11,0
11:55:16,0
11:55:21,0
11:55:26,0
11:55:31,0
11:55:36,0
11:55:41,0
11:55:46,0
11:55:51,0
11:55:56,0
11:56:01,0
11:56:06,0
11:56:11,0
11:56:16,0
11:56:21,0
11:56:26,0
11:56:31,0
11:56:36,0
11:56:41,0
11:56:46,0
11:56:51,0
11:56:56,0
11:57:01,0
11:57:06,0
11:57:11,0
11:57:16,0
11:57:21,0
11:57:26,0
11:57:31,0
11:57:36,0
11:57:41,0
11:57:46,0
11:57:51,0
11:57:56,0
11:58:01,0
11:58:06,0
11:58:11,0
11:58:16,0
11:58:21,0
11:58:26,0
11:58:31,0
11:58:36,0
11:58:41,0
11:58:46,0
11:58:51,0
11:58:56,0
11:59:01,0
11:59:06,0
11:59:11,0
11:59:16,0
11:59:21,0
11:59:26,0
11:59:31,0
11:59:36,0
11:59:41,0
11:59:46,0
11:59:51,0
11:59:56,0
12:00:01,0
12:00:06,0
12:00:11,0
12:00:16,0
12:00:21,0
12:00:26,0
12:00:31,0
12:00:36,0
12:00:41,0
12:00:46,0
12:00:51,0
12:00:56,0
12:01:01,0
12:01:06,0
12:01:11,0
12:01:16,0
12:01:21,0
12:01:26,0
12:01:31,0
12:01:36,0
12:01:41,0
12:01:46,0
12:01:51,0
12:01:56,0
12:02:01,0
12:02:06,0
12:02:11,0
12:02:16,0
12:02:21,0
12:02:26,0
12:02:31,0
12:02:36,0
12:02:41,0
12:02:46,0
12:02:51,0
12:02:56,0
12:03:01,0
12:03:06,0
12:03:11,0
12:03:16,0
12:03:21,0
12:03:26,0
12:03:31,0
12:03:36,0
12:03:41,0
12:03:46,0
12:03:51,0
12:03:56,0
12:04:01,0
12:04:06,0
12:04:11,0
12:04:16,0
12:04:21,0
12:04:26,0
12:04:31,0
12:04:36,0
12:04:41,0
12:04:46,0
12:04:51,0
12:04:56,0
12:05:01,0
12:05:06,0
12:05:11,0
12:05:16,0
12:05:21,0
12:05:26,0
12:05:31,0
12:05:36,0
12:05:41,0
12:05:46,0
12:05:51,0
12:05:56,0
12:06:01,0
12:06:06,0
12:06:11,0
12:06:16,0
12:06:21,0
12:06:26,0
12:06:31,0
12:06:36,0
12:06:41,0
12:06:46,0
12:06:51,0
12:06:56,0
12:07:01,0
12:07:06,0
12:07:11,0
12:07:16,0
12:07:21,0
12:07:26,0
12:07:31,0
12:07:37,0
12:07:42,0
12:07:47,0
12:07:52,0
12:07:57,0
12:08:02,0
12:08:07,0
12:08:12,0
12:08:17,0
12:08:22,0
12:08:27,0
12:08:32,0
12:08:37,0
12:08:42,0
12:08:47,0
12:08:52,0
12:08:57,0
12:09:02,0
12:09:07,0
12:09:12,0
12:09:17,0
12:09:22,0
12:09:27,0
12:09:32,0
12:09:37,0
12:09:42,0
12:09:47,0
12:09:52,0
12:09:57,0
12:10:02,0
12:10:07,0
12:10:12,0
12:10:17,0
12:10:22,0
12:10:27,0
12:10:32,0
12:10:37,0
12:10:42,0
12:10:47,0
12:10:52,0
12:10:57,0
12:11:02,0
12:11:07,0
12:11:12,0
12:11:17,0
12:11:22,0
12:11:27,0
12:11:32,0
12:11:37,0
12:11:42,0
12:11:47,0
12:11:52,0
12:11:57,0
12:12:02,0
12:12:07,0
12:12:12,0
12:12:17,0
12:12:22,0
12:12:27,0
12:12:32,0
12:12:37,0
12:12:42,0
12:12:47,0
12:12:52,0
12:12:57,0
12:13:02,0
12:13:07,0
12:13:12,0
12:13:17,0
12:13:22,0
12:13:27,0
12:13:32,0
12:13:37,0
12:13:42,0
12:13:47,0
12:13:52,0
12:13:57,0
12:14:02,0
12:14:07,0
12:14:12,0
12:14:17,0
12:14:22,0
12:14:27,0
12:14:32,0
12:14:37,0
12:14:42,0
12:14:47,0
12:14:52,0
12:14:57,0
12:15:02,0
12:15:07,0
12:15:12,0
12:15:17,0
12:15:22,0
12:15:27,0
12:15:32,0
12:15:37,0
12:15:42,0
12:15:47,0
12:15:52,0
12:15:57,0
12:16:02,0
12:16:07,0
12:16:12,0
12:16:17,0
12:16:22,0
12:16:27,0
12:16:32,0
12:16:37,0
12:16:42,0
12:16:47,0
12:16:52,0
12:16:57,0
12:17:02,0
12:17:07,0
12:17:12,0
12:17:17,0
12:17:22,0
12:17:27,0
12:17:32,0
12:17:37,0
12:17:42,0
12:17:47,0
12:17:52,0
12:17:57,0
12:18:02,0
12:18:07,0
12:18:12,0
12:18:17,0
12:18:22,0
12:18:27,0
12:18:32,0
12:18:37,0
12:18:42,0
12:18:47,0
12:18:52,0
12:18:57,0
12:19:02,0
12:19:07,0
12:19:12,0
12:19:17,0
12:19:22,0
12:19:27,0
12:19:32,0
12:19:37,0
12:19:42,0
12:19:47,0
12:19:52,0
12:19:57,0
12:20:03,0
12:20:08,0
12:20:13,0
12:20:18,0
12:20:23,0
12:20:28,0
12:20:33,0
12:20:38,0
12:20:43,0
12:20:48,0
12:20:53,0
12:20:58,0
12:21:03,0
12:21:08,0
12:21:13,0
12:21:18,0
12:21:23,0
12:21:28,0
12:21:33,0
12:21:38,0
12:21:43,0
12:21:48,0
12:21:53,0
12:21:58,0
12:22:03,0
12:22:08,0
12:22:13,0
12:22:18,0
12:22:23,0
12:22:28,0
12:22:33,0
12:22:38,0
12:22:43,0
12:22:48,0
12:22:53,0
12:22:58,0
12:23:03,0
12:23:08,0
12:23:13,0
12:23:18,0
12:23:23,0
12:23:28,0
12:23:33,0
12:23:38,0
12:23:43,0
12:23:48,0
12:23:53,0
12:23:58,0
12:24:03,0
12:24:08,0
12:24:13,0
12:24:18,0
12:24:23,0
12:24:28,0
12:24:33,0
12:24:38,0
12:24:43,0
12:24:48,0
12:24:53,0
12:24:58,0
12:25:03,0
12:25:08,0
12:25:13,0
12:25:18,0
12:25:23,0
12:25:28,0
12:25:33,0
12:25:38,0
12:25:43,0
12:25:48,0
12:25:53,0
12:25:58,0
12:26:03,0
12:26:08,0
12:26:13,0
12:26:18,0
12:26:23,0
12:26:28,0
12:26:33,0
12:26:38,0
12:26:43,0
12:26:48,0
12:26:53,0
12:26:58,0
12:27:03,0
12:27:08,0
12:27:13,0
12:27:18,0
12:27:23,0
12:27:28,0
12:27:33,0
12:27:38,0
12:27:43,0
12:27:48,0
12:27:53,0
12:27:58,0
12:28:03,0
12:28:08,0
12:28:13,0
12:28:18,0
12:28:23,0
12:28:28,0
12:28:33,0
12:28:38,0
12:28:43,0
12:28:48,0
12:28:53,0
12:28:58,0
12:29:03,0
12:29:08,0
12:29:13,0
12:29:18,0
12:29:23,0
12:29:28,0
12:29:33,0
12:29:38,0
12:29:43,0
12:29:48,0
12:29:53,0
12:29:58,0
12:30:03,0
12:30:08,0
12:30:13,0
12:30:18,0
12:30:23,0
12:30:28,0
12:30:33,0
12:30:38,0
12:30:43,0
12:30:48,0
12:30:53,0
12:30:58,0
12:31:03,0
12:31:08,0
12:31:13,0
12:31:18,0
12:31:23,0
12:31:28,0
12:31:33,0
12:31:38,0
12:31:43,0
12:31:48,0
12:31:53,0
12:31:58,0
12:32:03,0
12:32:08,0
12:32:13,0
12:32:19,0
12:32:24,0
12:32:29,0
12:32:34,0
12:32:39,0
12:32:44,0
12:32:49,0
12:32:54,0
12:32:59,0
12:33:04,0
12:33:09,0
12:33:14,0
12:33:19,0
12:33:24,0
12:33:29,0
12:33:34,0
12:33:39,0
12:33:44,0
12:33:49,0
12:33:54,0
12:33:59,0
12:34:04,0
12:34:09,0
12:34:14,0
12:34:19,0
12:34:24,0
12:34:29,0
12:34:34,0
12:34:39,0
12:34:44,0
12:34:49,0
12:34:54,0
12:34:59,0
12:35:04,0
12:35:09,0
12:35:14,0
12:35:19,0
12:35:24,0
12:35:29,0
12:35:34,0
12:35:39,0
12:35:44,0
12:35:49,0
12:35:54,0
12:35:59,0
12:36:04,0
12:36:09,0
12:36:14,0
12:36:19,0
12:36:24,0
12:36:29,0
12:36:34,0
12:36:39,0
12:36:44,0
12:36:49,0
12:36:54,0
12:36:59,0
12:37:04,0
12:37:09,0
12:37:14,0
12:37:19,0
12:37:24,0
12:37:29,0
12:37:34,0
12:37:39,0
12:37:44,0
12:37:49,0
12:37:54,0
12:37:59,0
12:38:04,0
12:38:09,0
12:38:14,0
12:38:19,0
12:38:24,0
12:38:29,0
12:38:34,0
12:38:39,0
12:38:44,0
12:38:49,0
12:38:54,0
12:38:59,0
12:39:04,0
12:39:09,0
12:39:14,0
12:39:19,0
12:39:24,0
12:39:29,0
12:39:34,0
12:39:39,0
12:39:44,0
12:39:49,0
12:39:54,0
12:39:59,0
12:40:04,0
12:40:09,0
12:40:14,0
12:40:19,0
12:40:24,0
12:40:29,0
12:40:34,0
12:40:39,0
12:40:44,0
12:40:49,0
12:40:54,0
12:40:59,0
12:41:04,0
12:41:09,0
12:41:14,0
12:41:19,0
12:41:24,0
12:41:29,0
12:41:34,0
12:41:39,0
12:41:44,0
12:41:49,0
12:41:54,0
12:41:59,0
12:42:04,0
12:42:09,0
12:42:14,0
12:42:19,0
12:42:24,0
12:42:29,0
12:42:34,0
12:42:39,0
12:42:44,0
12:42:49,0
12:42:54,0
12:42:59,0
12:43:04,0
12:43:09,0
12:43:14,0
12:43:19,0
12:43:24,0
12:43:29,0
12:43:34,0
12:43:39,0
12:43:44,0
12:43:49,0
12:43:54,0
12:44:00,0
12:44:05,0
12:44:10,0
12:44:15,0
12:44:20,0
12:44:25,0
12:44:30,0
12:44:35,0
12:44:40,0
12:44:45,0
12:44:50,0
12:44:55,0
12:45:00,0
12:45:05,0
12:45:10,0
12:45:15,0
12:45:20,0
12:45:25,0
12:45:30,0
12:45:35,0
12:45:40,0
12:45:45,0
12:45:50,0
12:45:55,0
12:46:00,0
12:46:05,0
12:46:10,0
12:46:15,0
12:46:20,0
12:46:25,0
12:46:30,0
12:46:35,0
12:46:40,0
12:46:45,0
12:46:50,0
12:46:55,0
12:47:00,0
12:47:05,0
12:47:10,0
12:47:15,0
12:47:20,0
12:47:25,0
12:47:30,0
12:47:35,0
12:47:40,0
12:47:45,0
12:47:50,0
12:47:55,0
12:48:00,0
12:48:05,0
12:48:10,0
12:48:15,0
12:48:20,0
12:48:25,0
12:48:30,0
12:48:35,0
12:48:40,0
12:48:45,0
12:48:50,0
12:48:55,0
12:49:00,0
12:49:05,0
12:49:10,0
12:49:15,0
12:49:20,0
12:49:25,0
12:49:30,0
12:49:35,0
12:49:40,0
12:49:45,0
12:49:50,0
12:49:55,0
12:50:00,0
12:50:05,0
12:50:10,0
12:50:15,0
12:50:20,0
12:50:25,0
12:50:30,0
12:50:35,0
12:50:40,0
12:50:45,0
12:50:50,0
12:50:55,0
12:51:00,0
12:51:05,0
12:51:10,0
12:51:15,0
12:51:20,0
12:51:25,0
12:51:30,0
12:51:35,0
12:51:40,0
12:51:45,0
12:51:50,0
12:51:55,0
12:52:00,0
12:52:05,0
12:52:10,0
12:52:15,0
12:52:20,0
12:52:25,0
12:52:30,0
12:52:35,0
12:52:40,0
12:52:45,0
12:52:50,0
12:52:55,0
12:53:00,0
12:53:05,0
12:53:10,0
12:53:15,0
12:53:20,0
12:53:25,0
12:53:30,0
12:53:35,0
12:53:40,0
12:53:45,0
12:53:50,0
12:53:55,0
12:54:00,0
12:54:05,0
12:54:10,0
12:54:15,0
12:54:20,0
12:54:25,0
12:54:30,0
12:54:35,0
12:54:40,0
12:54:45,0
12:54:50,0
12:54:55,0
12:55:00,0
12:55:05,0
12:55:10,0
12:55:15,0
12:55:20,0
12:55:25,0
12:55:30,0
12:55:35,0
12:55:40,0
12:55:45,0
12:55:50,0
12:55:55,0
12:56:00,0
12:56:05,0
12:56:10,0
12:56:15,0
12:56:20,0
12:56:25,0
12:56:30,0
12:56:35,0
12:56:40,0
12:56:45,0
12:56:50,0
12:56:56,0
12:57:01,0
12:57:06,0
12:57:11,0
12:57:16,0
12:57:21,0
12:57:26,0
12:57:31,0
12:57:36,0
12:57:41,0
12:57:46,0
12:57:51,0
12:57:56,0
12:58:01,0
12:58:06,0
12:58:11,0
12:58:16,0
12:58:21,0
12:58:26,0
12:58:31,0
12:58:36,0
12:58:41,0
12:58:46,0
12:58:51,0
12:58:56,0
12:59:01,0
12:59:06,0
12:59:11,0
12:59:16,0
12:59:21,0
12:59:26,0
12:59:31,0
12:59:36,0
12:59:41,0
12:59:46,0
12:59:51,0
12:59:56,0
13:00:01,0
13:00:06,0
13:00:11,0
13:00:16,0
13:00:21,0
13:00:26,0
13:00:31,0
13:00:36,0
13:00:41,0
13:00:46,0
13:00:51,0
13:00:56,0
13:01:01,0
13:01:06,0
13:01:11,0
13:01:16,0
13:01:21,0
13:01:26,0
13:01:31,0
13:01:36,0
13:01:41,0
13:01:46,0
13:01:51,0
13:01:56,0
13:02:01,0
13:02:06,0
13:02:11,0
13:02:16,0
13:02:21,0
13:02:26,0
13:02:31,0
13:02:36,0
13:02:41,0
13:02:46,0
13:02:51,0
13:02:56,0
13:03:01,0
13:03:06,0
13:03:11,0
13:03:16,0
13:03:21,0
13:03:26,0
13:03:31,0
13:03:36,0
13:03:41,0
13:03:46,0
13:03:51,0
13:03:56,0
13:04:01,0
13:04:06,0
13:04:11,0
13:04:16,0
13:04:21,0
13:04:26,0
13:04:31,0
13:04:36,0
13:04:41,0
13:04:46,0
13:04:51,0
13:04:56,0
13:05:01,0
13:05:06,0
13:05:11,0
13:05:16,0
13:05:21,0
13:05:26,0
13:05:31,0
13:05:36,0
13:05:41,0
13:05:46,0
13:05:51,0
13:05:56,0
13:06:01,0
13:06:06,0
13:06:11,0
13:06:16,0
13:06:21,0
13:06:26,0
13:06:31,0
13:06:36,0
13:06:41,0
13:06:46,0
13:06:51,0
13:06:56,0
13:07:01,0
13:07:06,0
13:07:11,0
13:07:16,0
13:07:21,0
13:07:26,0
13:07:31,0
13:07:36,0
13:07:41,0
13:07:46,0
13:07:51,0
13:07:56,0
13:08:01,0
13:08:06,0
13:08:11,0
13:08:16,0
13:08:21,0
13:08:26,0
13:08:31,0
13:08:36,0
13:08:41,0
13:08:46,0
13:08:51,0
13:08:57,0
13:09:02,0
13:09:07,0
13:09:12,0
13:09:17,0
13:09:22,0
13:09:27,0
13:09:32,0
13:09:37,0
13:09:42,0
13:09:47,0
13:09:52,0
13:09:57,0
13:10:02,0
13:10:07,0
13:10:12,0
13:10:17,0
13:10:22,0
13:10:27,0
13:10:32,0
13:10:37,0
13:10:42,0
13:10:47,0
13:10:52,0
13:10:57,0
13:11:02,0
13:11:07,0
13:11:12,0
13:11:17,0
13:11:22,0
13:11:27,0
13:11:32,0
13:11:37,0
13:11:42,0
13:11:47,0
13:11:52,0
13:11:57,0
13:12:02,0
13:12:07,0
13:12:12,0
13:12:17,0
13:12:22,0
13:12:27,0
13:12:32,0
13:12:37,0
13:12:42,0
13:12:47,0
13:12:52,0
13:12:57,0
13:13:02,0
13:13:07,0
13:13:12,0
13:13:17,0
13:13:22,0
13:13:27,0
13:13:32,0
13:13:37,0
13:13:42,0
13:13:47,0
13:13:52,0
13:13:57,0
13:14:02,0
13:14:07,0
13:14:12,0
13:14:17,0
13:14:22,0
13:14:27,0
13:14:32,0
13:14:37,0
13:14:42,0
13:14:47,0
13:14:52,0
13:14:57,0
13:15:02,0
13:15:07,0
13:15:12,0
13:15:17,0
13:15:22,0
13:15:27,0
13:15:32,0
13:15:37,0
13:15:42,0
13:15:47,0
13:15:52,0
13:15:57,0
13:16:02,0
13:16:07,0
13:16:12,0
13:16:17,0
13:16:22,0
13:16:27,0
13:16:32,0
13:16:37,0
13:16:42,0
13:16:47,0
13:16:52,0
13:16:57,0
13:17:02,0
13:17:07,0
13:17:12,0
13:17:17,0
13:17:22,0
13:17:27,0
13:17:32,0
13:17:37,0
13:17:42,0
13:17:47,0
13:17:52,0
13:17:57,0
13:18:02,0
13:18:07,0
13:18:12,0
13:18:17,0
13:18:22,0
13:18:27,0
13:18:32,0
13:18:37,0
13:18:42,0
13:18:47,0
13:18:52,0
13:18:57,0
13:19:02,0
13:19:07,0
13:19:12,0
13:19:17,0
13:19:22,0
13:19:27,0
13:19:32,0
13:19:37,0
13:19:42,0
13:19:47,0
13:19:52,0
13:19:57,0
13:20:02,0
13:20:07,0
13:20:12,0
13:20:17,0
13:20:22,0
13:20:27,0
13:20:32,0
13:20:37,0
13:20:42,0
13:20:47,0
13:20:52,0
13:20:57,0
13:21:02,0
13:21:07,0
13:21:12,0
13:21:17,0
13:21:22,0
13:21:27,0
13:21:32,0
13:21:37,0
13:21:42,0
13:21:47,0
13:21:52,0
13:21:57,0
13:22:03,0
13:22:08,0
13:22:13,0
13:22:18,0
13:22:23,0
13:22:28,0
13:22:33,0
13:22:38,0
13:22:43,0
13:22:48,0
13:22:53,0
13:22:58,0
13:23:03,0
13:23:08,0
13:23:13,0
13:23:18,0
13:23:23,0
13:23:28,0
13:23:33,0
13:23:38,0
13:23:43,0
13:23:48,0
13:23:53,0
13:23:58,0
13:24:03,0
13:24:08,0
13:24:13,0
13:24:18,0
13:24:23,0
13:24:28,0
13:24:33,0
13:24:38,0
13:24:43,0
13:24:48,0
13:24:53,0
13:24:58,0
13:25:03,0
13:25:08,0
13:25:13,0
13:25:18,0
13:25:23,0
13:25:28,0
13:25:33,0
13:25:38,0
13:25:43,0
13:25:48,0
13:25:53,0
13:25:58,0
13:26:03,0
13:26:08,0
13:26:13,0
13:26:18,0
13:26:23,0
13:26:28,0
13:26:33,0
13:26:38,0
13:26:43,0
13:26:48,0
13:26:53,0
13:26:58,0
13:27:03,0
13:27:08,0
13:27:13,0
13:27:18,0
13:27:23,0
13:27:28,0
13:27:33,0
13:27:38,0
13:27:43,0
13:27:48,0
13:27:53,0
13:27:58,0
13:28:03,0
13:28:08,0
13:28:13,0
13:28:18,0
13:28:23,0
13:28:28,0
13:28:33,0
13:28:38,0
13:28:43,0
13:28:48,0
13:28:53,0
13:28:58,0
13:29:03,0
13:29:08,0
13:29:13,0
13:29:18,0
13:29:23,0
13:29:28,0
13:29:33,0
13:29:38,0
13:29:43,0
13:29:48,0
13:29:53,0
13:29:58,0
13:30:03,0
13:30:08,0
13:30:13,0
13:30:18,0
13:30:23,0
13:30:28,0
13:30:33,0
13:30:38,0
13:30:43,0
13:30:48,0
13:30:53,0
13:30:58,0
13:31:03,0
13:31:08,0
13:31:13,0
13:31:18,0
13:31:23,0
13:31:28,0
13:31:33,0
13:31:38,0
13:31:43,0
13:31:48,0
13:31:53,0
13:31:58,0
13:32:03,0
13:32:08,0
13:32:13,0
13:32:18,0
13:32:23,0
13:32:28,0
13:32:33,0
13:32:38,0
13:32:43,0
13:32:48,0
13:32:53,0
13:32:59,0
13:33:04,0
13:33:09,0
13:33:14,0
13:33:19,0
13:33:24,0
13:33:29,0
13:33:34,0
13:33:39,0
13:33:44,0
13:33:49,0
13:33:54,0
13:33:59,0
13:34:04,0
13:34:09,0
13:34:14,0
13:34:19,0
13:34:24,0
13:34:29,0
13:34:34,0
13:34:39,0
13:34:44,0
13:34:49,0
13:34:54,0
13:34:59,0
13:35:04,0
13:35:09,0
13:35:14,0
13:35:19,0
13:35:24,0
13:35:29,0
13:35:34,0
13:35:39,0
13:35:44,0
13:35:49,0
13:35:54,0
13:35:59,0
13:36:04,0
13:36:09,0
13:36:14,0
13:36:19,0
13:36:24,0
13:36:29,0
13:36:34,0
13:36:39,0
13:36:44,0
13:36:49,0
13:36:54,0
13:36:59,0
13:37:04,0
13:37:09,0
13:37:14,0
13:37:19,0
13:37:24,0
13:37:29,0
13:37:34,0
13:37:39,0
13:37:44,0
13:37:49,0
13:37:54,0
13:37:59,0
13:38:04,0
13:38:09,0
13:38:14,0
13:38:19,0
13:38:24,0
13:38:29,0
13:38:34,0
13:38:39,0
13:38:44,0
13:38:49,0
13:38:54,0
13:38:59,0
13:39:04,0
13:39:09,0
13:39:14,0
13:39:19,0
13:39:24,0
13:39:29,0
13:39:34,0
13:39:39,0
13:39:44,0
13:39:49,0
13:39:54,0
13:39:59,0
13:40:04,0
13:40:09,0
13:40:14,0
13:40:19,0
13:40:24,0
13:40:29,0
13:40:34,0
13:40:39,0
13:40:44,0
13:40:49,0
13:40:54,0
13:40:59,0
13:41:04,0
13:41:09,0
13:41:14,0
13:41:19,0
13:41:24,0
13:41:29,0
13:41:34,0
13:41:39,0
13:41:44,0
13:41:49,0
13:41:54,0
13:41:59,0
13:42:04,0
13:42:09,0
13:42:14,0
13:42:19,0
13:42:24,0
13:42:29,0
13:42:34,0
13:42:39,0
13:42:44,0
13:42:49,0
13:42:54,0
13:42:59,0
13:43:04,0
13:43:09,0
13:43:14,0
13:43:19,0
13:43:24,0
13:43:29,0
13:43:34,0
13:43:39,0
13:43:44,0
13:43:49,0
13:43:54,0
13:43:59,0
13:44:04,0
13:44:09,0
13:44:14,0
13:44:20,0
13:44:25,0
13:44:30,0
13:44:35,0
13:44:40,0
13:44:45,0
13:44:50,0
13:44:55,0
13:45:00,0
13:45:05,0
13:45:10,0
13:45:15,0
13:45:20,0
13:45:25,0
13:45:30,0
13:45:35,0
13:45:40,0
13:45:45,0
13:45:50,0
13:45:55,0
13:46:00,0
13:46:05,0
13:46:10,0
13:46:15,0
13:46:20,0
13:46:25,0
13:46:30,0
13:46:35,0
13:46:40,0
13:46:45,0
13:46:50,0
13:46:55,0
13:47:00,0
13:47:05,0
13:47:10,0
13:47:15,0
13:47:20,0
13:47:25,0
13:47:30,0
13:47:35,0
13:47:40,0
13:47:45,0
13:47:50,0
13:47:55,0
13:48:00,0
13:48:05,0
13:48:10,0
13:48:15,0
13:48:20,0
13:48:25,0
13:48:30,0
13:48:35,0
13:48:40,0
13:48:45,0
13:48:50,0
13:48:55,0
13:49:00,0
13:49:05,0
13:49:10,0
13:49:15,0
13:49:20,0
13:49:25,0
13:49:30,0
13:49:35,0
13:49:40,0
13:49:45,0
13:49:50,0
13:49:55,0
13:50:00,0
13:50:05,0
13:50:10,0
13:50:15,0
13:50:20,0
13:50:25,0
13:50:30,0
13:50:35,0
13:50:40,0
13:50:45,0
13:50:50,0
13:50:55,0
13:51:00,0
13:51:05,0
13:51:10,0
13:51:15,0
13:51:20,0
13:51:25,0
13:51:30,0
13:51:35,0
13:51:40,0
13:51:45,0
13:51:50,0
13:51:55,0
13:52:00,0
13:52:05,0
13:52:10,0
13:52:15,0
13:52:20,0
13:52:25,0
13:52:30,0
13:52:35,0
13:52:40,0
13:52:45,0
13:52:50,0
13:52:55,0
13:53:00,0
13:53:05,0
13:53:10,0
13:53:15,0
13:53:20,0
13:53:25,0
13:53:30,0
13:53:35,0
13:53:40,0
13:53:45,0
13:53:50,0
13:53:55,0
13:54:00,0
13:54:05,0
13:54:10,0
13:54:15,0
13:54:20,0
13:54:25,0
13:54:30,0
13:54:35,0
13:54:40,0
13:54:45,0
13:54:50,0
13:54:55,0
13:55:00,0
13:55:05,0
13:55:10,0
13:55:15,0
13:55:20,0
13:55:25,0
13:55:30,0
13:55:35,0
13:55:40,0
13:55:45,0
13:55:50,0
13:55:55,0
13:56:00,0
13:56:05,0
13:56:10,0
13:56:15,0
13:56:20,0
13:56:25,0
13:56:30,0
13:56:35,0
13:56:40,0
13:56:46,0
13:56:51,0
13:56:56,0
13:57:01,0
13:57:06,0
13:57:11,0
13:57:16,0
13:57:21,0
13:57:26,0
13:57:31,0
13:57:36,0
13:57:41,0
13:57:46,0
13:57:51,0
13:57:56,0
13:58:01,0
13:58:06,0
13:58:11,0
13:58:16,0
13:58:21,0
13:58:26,0
13:58:31,0
13:58:36,0
13:58:41,0
13:58:46,0
13:58:51,0
13:58:56,0
13:59:01,0
13:59:06,0
13:59:11,0
13:59:16,0
13:59:21,0
13:59:26,0
13:59:31,0
13:59:36,0
13:59:41,0
13:59:46,0
13:59:51,0
13:59:56,0
14:00:01,0
14:00:06,0
14:00:11,0
14:00:16,0
14:00:21,0
14:00:26,0
14:00:31,0
14:00:36,0
14:00:41,0
14:00:46,0
14:00:51,0
14:00:56,0
14:01:01,0
14:01:06,0
14:01:11,0
14:01:16,0
14:01:21,0
14:01:26,0
14:01:31,0
14:01:36,0
14:01:41,0
14:01:46,0
14:01:51,0
14:01:56,0
14:02:01,0
14:02:06,0
14:02:11,0
14:02:16,0
14:02:21,0
14:02:26,0
14:02:31,0
14:02:36,0
14:02:41,0
14:02:46,0
14:02:51,0
14:02:56,0
14:03:01,0
14:03:06,0
14:03:11,0
14:03:16,0
14:03:21,0
14:03:26,0
14:03:31,0
14:03:36,0
14:03:41,0
14:03:46,0
14:03:51,0
14:03:56,0
14:04:01,0
14:04:06,0
14:04:11,0
14:04:16,0
14:04:21,0
14:04:26,0
14:04:31,0
14:04:36,0
14:04:41,0
14:04:46,0
14:04:51,0
14:04:56,0
14:05:01,0
14:05:06,0
14:05:11,0
14:05:16,0
14:05:21,0
14:05:26,0
14:05:31,0
14:05:36,0
14:05:41,0
14:05:46,0
14:05:51,0
14:05:56,0
14:06:01,0
14:06:06,0
14:06:11,0
14:06:16,0
14:06:21,0
14:06:26,0
14:06:31,0
14:06:36,0
14:06:41,0
14:06:46,0
14:06:52,0
14:06:57,0
14:07:02,0
14:07:07,0
14:07:12,0
14:07:17,0
14:07:22,0
14:07:27,0
14:07:32,0
14:07:37,0
14:07:42,0
14:07:47,0
14:07:52,0
14:07:57,0
14:08:02,0
14:08:07,0
14:08:12,0
14:08:17,0
14:08:22,0
14:08:27,0
14:08:32,0
14:08:37,0
14:08:42,0
14:08:47,0
14:08:52,0
14:08:57,0
14:09:02,0
14:09:07,0
14:09:12,0
14:09:17,0
14:09:22,0
14:09:27,0
14:09:32,0
14:09:37,0
14:09:42,0
14:09:47,0
14:09:52,0
14:09:57,0
14:10:02,0
14:10:07,0
14:10:12,0
14:10:17,0
14:10:22,0
14:10:27,0
14:10:32,0
14:10:37,0
14:10:42,0
14:10:47,0
14:10:52,0
14:10:57,0
14:11:02,0
14:11:07,0
14:11:12,0
14:11:17,0
14:11:22,0
14:11:27,0
14:11:32,0
14:11:37,0
14:11:42,0
14:11:47,0
14:11:52,0
14:11:57,0
14:12:02,0
14:12:07,0
14:12:12,0
14:12:17,0
14:12:22,0
14:12:27,0
14:12:32,0
14:12:37,0
14:12:42,0
14:12:47,0
14:12:52,0
14:12:57,0
14:13:02,0
